sse,layer,angles_layer,angles_floor,angles_side,points_layer,points_floor,points_side,tilted_layer,tilted_floor,tilted_side,pdb_path,pdb,chain,rmsd,match
A3E,A,-20.991693619662552,52.43117175006947,29.563911776563057,0.5373457112819429,2.814226446751399,1.7058492262293954,0.0,0.0,0.0,/work/lpdi/databases/master_pdb/np/2npt_A.pdb.gz,2npt,A,3.985,"[[13, 20], [22, 29], [30, 46], [51, 58], [95, 102]]"
A4E,A,-37.677193967865264,37.50928018969345,30.37564444979516,0.4127602640858711,4.972509494440158,5.226341250520043,0.0,0.0,0.0,/work/lpdi/databases/master_pdb/np/2npt_A.pdb.gz,2npt,A,3.985,"[[13, 20], [22, 29], [30, 46], [51, 58], [95, 102]]"
B1H,A,-17.266015470099894,37.26342139494236,47.59900326011372,10.170236904799165,0.9867492796585318,0.7124259247968219,0.0,0.0,0.0,/work/lpdi/databases/master_pdb/np/2npt_A.pdb.gz,2npt,A,3.985,"[[13, 20], [22, 29], [30, 46], [51, 58], [95, 102]]"
A1E,A,45.043380216810895,26.263690197513483,33.42314319529469,0.4401238082824808,5.099145770634872,4.9547675608217485,0.0,0.0,0.0,/work/lpdi/databases/master_pdb/np/2npt_A.pdb.gz,2npt,A,3.985,"[[13, 20], [22, 29], [30, 46], [51, 58], [95, 102]]"
A2E,A,15.215140866986502,69.28323092645229,13.716561150714119,0.37145698176948977,2.0521654093721162,1.3566055495326694,0.0,0.0,0.0,/work/lpdi/databases/master_pdb/np/2npt_A.pdb.gz,2npt,A,3.985,"[[13, 20], [22, 29], [30, 46], [51, 58], [95, 102]]"
A3E,A,-1.1158423570814031,-51.109629538634245,-38.863885873013785,0.24715086789352375,2.519018728071715,1.2806094649451525,0.0,0.0,0.0,/work/lpdi/databases/master_pdb/ma/4mac_A.pdb.gz,4mac,A,4.6345,"[[7, 14], [15, 22], [25, 41], [42, 49], [68, 75]]"
A4E,A,-11.740473483468962,-30.80101434514145,-56.55566803695159,3.3440503429459367,4.790191130362945,2.746131609622358,0.0,0.0,0.0,/work/lpdi/databases/master_pdb/ma/4mac_A.pdb.gz,4mac,A,4.6345,"[[7, 14], [15, 22], [25, 41], [42, 49], [68, 75]]"
B1H,A,27.549080774610516,-21.707998459829398,-53.693041447076645,6.823638240357617,1.3109770036087185,5.132229864472026,0.0,0.0,0.0,/work/lpdi/databases/master_pdb/ma/4mac_A.pdb.gz,4mac,A,4.6345,"[[7, 14], [15, 22], [25, 41], [42, 49], [68, 75]]"
A1E,A,51.03161968739517,-33.13482278047708,18.105029608661845,1.708129832658391,4.787265850330903,3.3093066056535716,0.0,0.0,0.0,/work/lpdi/databases/master_pdb/ma/4mac_A.pdb.gz,4mac,A,4.6345,"[[7, 14], [15, 22], [25, 41], [42, 49], [68, 75]]"
A2E,A,22.72914029055289,-67.20698581052278,1.5707707633849457,1.8731828371702608,2.5091751745203705,0.7133436993588724,0.0,0.0,0.0,/work/lpdi/databases/master_pdb/ma/4mac_A.pdb.gz,4mac,A,4.6345,"[[7, 14], [15, 22], [25, 41], [42, 49], [68, 75]]"
A3E,A,-20.300816565774905,63.06974153990202,16.92527359023928,0.09411993422530963,2.253919937733858,1.4028075658076196,0.0,0.0,0.0,/work/lpdi/databases/master_pdb/h6/3h6n_A.pdb.gz,3h6n,A,4.3036,"[[4, 11], [15, 22], [23, 39], [53, 60], [95, 102]]"
A4E,A,-40.15990836002366,33.095919284736574,32.32308338506116,1.2516882382159558,3.2635820144111247,5.362238008553415,0.0,0.0,0.0,/work/lpdi/databases/master_pdb/h6/3h6n_A.pdb.gz,3h6n,A,4.3036,"[[4, 11], [15, 22], [23, 39], [53, 60], [95, 102]]"
B1H,A,-12.503731393910014,26.013055199993463,60.71718021449831,9.873269663254646,1.1117942031642791,1.328044368160638,0.0,0.0,0.0,/work/lpdi/databases/master_pdb/h6/3h6n_A.pdb.gz,3h6n,A,4.3036,"[[4, 11], [15, 22], [23, 39], [53, 60], [95, 102]]"
A1E,A,40.274017849822506,42.32890405194017,21.01956329238905,0.1834228009488043,4.433939428416992,5.351242448860799,0.0,0.0,0.0,/work/lpdi/databases/master_pdb/h6/3h6n_A.pdb.gz,3h6n,A,4.3036,"[[4, 11], [15, 22], [23, 39], [53, 60], [95, 102]]"
A2E,A,13.02725628672993,74.44567771665616,8.348918669319861,1.3422193415082886,1.083070672361912,1.4150293193740258,0.0,0.0,0.0,/work/lpdi/databases/master_pdb/h6/3h6n_A.pdb.gz,3h6n,A,4.3036,"[[4, 11], [15, 22], [23, 39], [53, 60], [95, 102]]"
A3E,A,-13.633653087487831,71.21844424984945,12.670762933874693,0.9692704736784036,1.087376897501179,1.9688321049599349,0.0,0.0,0.0,/work/lpdi/databases/master_pdb/fm/1fm0_D.pdb.gz,1fm0,D,4.0643,"[[1, 8], [15, 22], [24, 40], [50, 57], [69, 76]]"
A4E,A,-22.179711437223954,51.87898146123668,29.238834584644696,0.8888480222112268,3.3485165865736484,6.674236491218263,0.0,0.0,0.0,/work/lpdi/databases/master_pdb/fm/1fm0_D.pdb.gz,1fm0,D,4.0643,"[[1, 8], [15, 22], [24, 40], [50, 57], [69, 76]]"
B1H,A,8.74219861179337,28.459295826596946,59.98676209791851,11.184310899825874,1.2818802380930578,0.5123162834006303,0.0,0.0,0.0,/work/lpdi/databases/master_pdb/fm/1fm0_D.pdb.gz,1fm0,D,4.0643,"[[1, 8], [15, 22], [24, 40], [50, 57], [69, 76]]"
A1E,A,33.49901946393646,52.84639220708903,14.190075881386173,0.5019311694720086,4.3912234139971265,6.054913237979634,0.0,0.0,0.0,/work/lpdi/databases/master_pdb/fm/1fm0_D.pdb.gz,1fm0,D,4.0643,"[[1, 8], [15, 22], [24, 40], [50, 57], [69, 76]]"
A2E,A,5.868576707508304,76.33256262422103,12.296970788422822,0.4202694725597519,0.044395861578278094,2.5879663386113845,0.0,0.0,0.0,/work/lpdi/databases/master_pdb/fm/1fm0_D.pdb.gz,1fm0,D,4.0643,"[[1, 8], [15, 22], [24, 40], [50, 57], [69, 76]]"
A3E,A,11.241598337747039,53.338448970328024,-34.361449824612215,0.9377897337774151,0.9575447022874609,2.4344288639230287,0.0,0.0,0.0,/work/lpdi/databases/master_pdb/mg/1mg4_A.pdb.gz,1mg4,A,4.4295,"[[6, 13], [15, 22], [30, 46], [50, 57], [74, 81]]"
A4E,A,17.688556445599566,25.608950301553588,-58.109755050367816,3.0444577262381776,5.940915896401374,3.2136993733428567,0.0,0.0,0.0,/work/lpdi/databases/master_pdb/mg/1mg4_A.pdb.gz,1mg4,A,4.4295,"[[6, 13], [15, 22], [30, 46], [50, 57], [74, 81]]"
B1H,A,-4.44888832918203,20.41118262398727,-69.06836201646496,8.244468273215475,2.9828521390568463,3.8593845660096067,0.0,0.0,0.0,/work/lpdi/databases/master_pdb/mg/1mg4_A.pdb.gz,1mg4,A,4.4295,"[[6, 13], [15, 22], [30, 46], [50, 57], [74, 81]]"
A1E,A,-49.10244095748354,38.56184454257699,-11.538877748159068,0.21576806188290584,5.430468142747621,4.0502050193287955,0.0,0.0,0.0,/work/lpdi/databases/master_pdb/mg/1mg4_A.pdb.gz,1mg4,A,4.4295,"[[6, 13], [15, 22], [30, 46], [50, 57], [74, 81]]"
A2E,A,-13.061926673405704,76.26115906884111,-4.176351664660077,2.323552655386014,1.4671302806539328,1.596755837332761,0.0,0.0,0.0,/work/lpdi/databases/master_pdb/mg/1mg4_A.pdb.gz,1mg4,A,4.4295,"[[6, 13], [15, 22], [30, 46], [50, 57], [74, 81]]"
A3E,A,-7.998295402316352,81.65907134116642,2.3489182732663,0.0448110809085456,0.3763277751828526,2.460936986414105,0.0,0.0,0.0,/work/lpdi/databases/master_pdb/pz/3pz7_A.pdb.gz,3pz7,A,3.5536,"[[8, 15], [18, 25], [29, 45], [47, 54], [77, 84]]"
A4E,A,-38.73904986538179,50.089823552705965,8.135255163993044,0.4155371885314194,0.8817403269807655,6.358598456463194,0.0,0.0,0.0,/work/lpdi/databases/master_pdb/pz/3pz7_A.pdb.gz,3pz7,A,3.5536,"[[8, 15], [18, 25], [29, 45], [47, 54], [77, 84]]"
B1H,A,9.44544231224607,58.663025582618296,29.564226836057454,9.683195226122262,2.028529986147884,0.7848735228772051,0.0,0.0,0.0,/work/lpdi/databases/master_pdb/pz/3pz7_A.pdb.gz,3pz7,A,3.5536,"[[8, 15], [18, 25], [29, 45], [47, 54], [77, 84]]"
A1E,A,37.88788093467152,43.71283979595459,22.4043166694802,0.5817342817323888,2.18701679949398,7.175118675796736,0.0,0.0,0.0,/work/lpdi/databases/master_pdb/pz/3pz7_A.pdb.gz,3pz7,A,3.5536,"[[8, 15], [18, 25], [29, 45], [47, 54], [77, 84]]"
A2E,A,9.108230370411613,80.8702496054839,-0.6007981664821743,0.1229332638628562,0.9288395915643424,1.6487844675631695,0.0,0.0,0.0,/work/lpdi/databases/master_pdb/pz/3pz7_A.pdb.gz,3pz7,A,3.5536,"[[8, 15], [18, 25], [29, 45], [47, 54], [77, 84]]"
A3E,A,14.616594989540515,61.63893613094336,-23.732874783334704,0.7966192358493468,2.6581730486423205,1.4147172479330816,0.0,0.0,0.0,/work/lpdi/databases/master_pdb/aw/4awj_A.pdb.gz,4awj,A,4.0844,"[[3, 10], [11, 18], [19, 35], [41, 48], [72, 79]]"
A4E,A,29.97571950473279,44.36354469091754,-30.753884755596772,1.4356480021087374,3.72182334671121,4.58750185505834,0.0,0.0,0.0,/work/lpdi/databases/master_pdb/aw/4awj_A.pdb.gz,4awj,A,4.0844,"[[3, 10], [11, 18], [19, 35], [41, 48], [72, 79]]"
B1H,A,-5.742477444945812,33.41986092298929,-55.96090181979845,9.669716047156212,2.1266136134996003,2.2483115102784748,0.0,0.0,0.0,/work/lpdi/databases/master_pdb/aw/4awj_A.pdb.gz,4awj,A,4.0844,"[[3, 10], [11, 18], [19, 35], [41, 48], [72, 79]]"
A1E,A,-55.54169442126084,25.09304783031345,-21.998378144270557,0.6166416690645105,5.434112149190859,4.969656585317897,0.0,0.0,0.0,/work/lpdi/databases/master_pdb/aw/4awj_A.pdb.gz,4awj,A,4.0844,"[[3, 10], [11, 18], [19, 35], [41, 48], [72, 79]]"
A2E,A,-20.547633925901284,68.34430150284703,-6.545605506346428,1.256732164414642,0.9454786605045478,1.0347324107948113,0.0,0.0,0.0,/work/lpdi/databases/master_pdb/aw/4awj_A.pdb.gz,4awj,A,4.0844,"[[3, 10], [11, 18], [19, 35], [41, 48], [72, 79]]"
A3E,A,26.23117005121951,63.13332164470063,-5.397245337743786,0.946931986390273,2.462897326846588,1.2844647655212669,0.0,0.0,0.0,/work/lpdi/databases/master_pdb/a2/4a20_A.pdb.gz,4a20,A,4.0514,"[[3, 10], [14, 21], [22, 38], [45, 52], [70, 77]]"
A4E,A,37.93508303111136,51.06820586207161,-7.472139932499402,0.7256057379227595,3.1718644900474913,5.6779773510822995,0.0,0.0,0.0,/work/lpdi/databases/master_pdb/a2/4a20_A.pdb.gz,4a20,A,4.0514,"[[3, 10], [14, 21], [22, 38], [45, 52], [70, 77]]"
B1H,A,21.92621706533825,37.83783170008782,-44.09587029422072,9.447581081687009,1.6226382758611746,4.607520770686126,0.0,0.0,0.0,/work/lpdi/databases/master_pdb/a2/4a20_A.pdb.gz,4a20,A,4.0514,"[[3, 10], [14, 21], [22, 38], [45, 52], [70, 77]]"
A1E,A,-28.049396477893623,30.68045159698423,-46.06246123711353,3.0262265940968187,5.185786612369069,4.232525254096707,0.0,0.0,0.0,/work/lpdi/databases/master_pdb/a2/4a20_A.pdb.gz,4a20,A,4.0514,"[[3, 10], [14, 21], [22, 38], [45, 52], [70, 77]]"
A2E,A,-15.832277345915903,62.34527668933207,-22.05483445957448,1.203948643916361,0.39930255924807023,2.4263929465575678,0.0,0.0,0.0,/work/lpdi/databases/master_pdb/a2/4a20_A.pdb.gz,4a20,A,4.0514,"[[3, 10], [14, 21], [22, 38], [45, 52], [70, 77]]"
A3E,A,-21.299676077506,-65.90104416949589,-10.742852417198417,1.3568207661973943,2.387022784354925,0.32866581052339944,0.0,0.0,0.0,/work/lpdi/databases/master_pdb/w1/3w1y_A.pdb.gz,3w1y,A,4.1346,"[[28, 35], [50, 57], [58, 74], [81, 88], [110, 117]]"
A4E,A,-36.899124586667256,-39.560525399829565,-28.918790006673518,0.22379272017089846,4.220476477856589,5.498938460030109,0.0,0.0,0.0,/work/lpdi/databases/master_pdb/w1/3w1y_A.pdb.gz,3w1y,A,4.1346,"[[28, 35], [50, 57], [58, 74], [81, 88], [110, 117]]"
B1H,A,-12.69278992259618,-37.34543438486853,-49.818538542666644,9.758542323178613,2.3409459387941123,0.7756211497798883,0.0,0.0,0.0,/work/lpdi/databases/master_pdb/w1/3w1y_A.pdb.gz,3w1y,A,4.1346,"[[28, 35], [50, 57], [58, 74], [81, 88], [110, 117]]"
A1E,A,37.85061891606875,-21.857751348409124,-44.13362480019842,2.0688455944929998,5.528971092645229,4.279442089986704,0.0,0.0,0.0,/work/lpdi/databases/master_pdb/w1/3w1y_A.pdb.gz,3w1y,A,4.1346,"[[28, 35], [50, 57], [58, 74], [81, 88], [110, 117]]"
A2E,A,14.537073966269855,-64.92955762342443,-19.961136955601514,0.9360167603703448,1.0794830679580236,1.550272225756813,0.0,0.0,0.0,/work/lpdi/databases/master_pdb/w1/3w1y_A.pdb.gz,3w1y,A,4.1346,"[[28, 35], [50, 57], [58, 74], [81, 88], [110, 117]]"
A3E,A,3.248228240533551,-85.67213787191086,-2.860478009735456,0.2237656970567251,0.6450871803326103,2.7771142438974543,0.0,0.0,0.0,/work/lpdi/databases/master_pdb/l5/1l5p_A.pdb.gz,1l5p,A,3.7581,"[[1, 8], [9, 16], [17, 33], [48, 55], [86, 93]]"
A4E,A,28.04798712026065,-61.56921535601831,-4.2966220052477215,0.026461207372415856,0.902091844778116,5.789126580943035,0.0,0.0,0.0,/work/lpdi/databases/master_pdb/l5/1l5p_A.pdb.gz,1l5p,A,3.7581,"[[1, 8], [9, 16], [17, 33], [48, 55], [86, 93]]"
B1H,A,-2.8819088186035104,-74.53025927689558,15.184874741422279,10.35194096822723,1.6244038145020865,2.5752247357555182,0.0,0.0,0.0,/work/lpdi/databases/master_pdb/l5/1l5p_A.pdb.gz,1l5p,A,3.7581,"[[1, 8], [9, 16], [17, 33], [48, 55], [86, 93]]"
A1E,A,-43.430316257881096,-46.55829907878636,0.6928267268902751,0.2493054031235137,0.4906869821660592,6.67074888768643,0.0,0.0,0.0,/work/lpdi/databases/master_pdb/l5/1l5p_A.pdb.gz,1l5p,A,3.7581,"[[1, 8], [9, 16], [17, 33], [48, 55], [86, 93]]"
A2E,A,-11.514424612325875,-78.04029780042292,-3.179270869310788,0.4470805085939051,2.036319728018996,1.8970371316381491,0.0,0.0,0.0,/work/lpdi/databases/master_pdb/l5/1l5p_A.pdb.gz,1l5p,A,3.7581,"[[1, 8], [9, 16], [17, 33], [48, 55], [86, 93]]"
A3E,A,-6.954221053891171,50.4356405194286,-38.700130103282255,0.6120854899116056,3.3212365873888183,3.249315580319114,0.0,0.0,0.0,/work/lpdi/databases/master_pdb/vr/1vr7_A.pdb.gz,1vr7,A,2.7025,"[[62, 69], [52, 59], [84, 100], [103, 110], [5, 12]]"
A4E,A,-13.179354797495812,52.38536094523901,-34.477243663062914,0.4786530826412392,5.755572795013994,7.1596957314463365,0.0,0.0,0.0,/work/lpdi/databases/master_pdb/vr/1vr7_A.pdb.gz,1vr7,A,2.7025,"[[62, 69], [52, 59], [84, 100], [103, 110], [5, 12]]"
B1H,A,3.4531824127010085,57.712018540634325,-32.05019454363103,9.785303811049856,2.689756240912206,0.4300476765281951,0.0,0.0,0.0,/work/lpdi/databases/master_pdb/vr/1vr7_A.pdb.gz,1vr7,A,2.7025,"[[62, 69], [52, 59], [84, 100], [103, 110], [5, 12]]"
A1E,A,18.331731868729708,46.37103021477682,-37.88102693413696,0.027732774424587048,6.268162753141548,6.549518028371595,0.0,0.0,0.0,/work/lpdi/databases/master_pdb/vr/1vr7_A.pdb.gz,1vr7,A,2.7025,"[[62, 69], [52, 59], [84, 100], [103, 110], [5, 12]]"
A2E,A,3.2678042684506137,51.68920216170734,-38.112048232318934,0.1701056651494892,2.801238535096893,3.8584339471713833,0.0,0.0,0.0,/work/lpdi/databases/master_pdb/vr/1vr7_A.pdb.gz,1vr7,A,2.7025,"[[62, 69], [52, 59], [84, 100], [103, 110], [5, 12]]"
A3E,A,12.461856672591754,77.52813726309178,-0.4827711412225374,0.5471850764656173,0.1511978033302082,2.4217889746722783,0.0,0.0,0.0,/work/lpdi/databases/master_pdb/bk/2bkf_A.pdb.gz,2bkf,A,3.4113,"[[6, 13], [14, 21], [24, 40], [45, 52], [77, 84]]"
A4E,A,30.73315749557992,59.2605239522681,0.5479573957963839,0.3483342433852743,0.4243319918459306,6.454797935493372,0.0,0.0,0.0,/work/lpdi/databases/master_pdb/bk/2bkf_A.pdb.gz,2bkf,A,3.4113,"[[6, 13], [14, 21], [24, 40], [45, 52], [77, 84]]"
B1H,A,14.739039980397113,61.10766045521848,-24.252184349341878,10.78328264380835,1.298978370601593,2.4574510908896543,0.0,0.0,0.0,/work/lpdi/databases/master_pdb/bk/2bkf_A.pdb.gz,2bkf,A,3.4113,"[[6, 13], [14, 21], [24, 40], [45, 52], [77, 84]]"
A1E,A,-36.10606343939961,44.744660762876435,-23.361049170803717,1.289576741053375,1.4700915561680272,7.0274995354071095,0.0,0.0,0.0,/work/lpdi/databases/master_pdb/bk/2bkf_A.pdb.gz,2bkf,A,3.4113,"[[6, 13], [14, 21], [24, 40], [45, 52], [77, 84]]"
A2E,A,-10.031485029555588,79.39899861370871,3.392938921872488,0.3948615076066513,0.8940837078832243,1.846843956467076,0.0,0.0,0.0,/work/lpdi/databases/master_pdb/bk/2bkf_A.pdb.gz,2bkf,A,3.4113,"[[6, 13], [14, 21], [24, 40], [45, 52], [77, 84]]"
A3E,A,-23.87754782741613,66.07457923550784,1.4170817515286425,1.154907235283295,1.0681231292955395,1.599661284431929,0.0,0.0,0.0,/work/lpdi/databases/master_pdb/re/2rex_A.pdb.gz,2rex,A,4.7867,"[[4, 11], [19, 26], [27, 43], [58, 65], [98, 105]]"
A4E,A,-46.07645330356513,28.38393024102439,-30.344530334135822,3.316398268780288,3.6803954271623134,2.8107443972579236,0.0,0.0,0.0,/work/lpdi/databases/master_pdb/re/2rex_A.pdb.gz,2rex,A,4.7867,"[[4, 11], [19, 26], [27, 43], [58, 65], [98, 105]]"
B1H,A,-59.641039358836935,18.837335016809142,22.88159744684149,6.307615168400306,1.0658817862727932,7.701791130214008,0.0,0.0,0.0,/work/lpdi/databases/master_pdb/re/2rex_A.pdb.gz,2rex,A,4.7867,"[[4, 11], [19, 26], [27, 43], [58, 65], [98, 105]]"
A1E,A,12.469510787935247,31.744750979272453,55.339158139609964,3.4863088563095253,4.580999011076162,3.185253915540252,0.0,0.0,0.0,/work/lpdi/databases/master_pdb/re/2rex_A.pdb.gz,2rex,A,4.7867,"[[4, 11], [19, 26], [27, 43], [58, 65], [98, 105]]"
A2E,A,-3.9265311323052554,70.94008936076979,18.620204032709847,0.983098460301118,0.16665634668727042,1.2246064241650083,0.0,0.0,0.0,/work/lpdi/databases/master_pdb/re/2rex_A.pdb.gz,2rex,A,4.7867,"[[4, 11], [19, 26], [27, 43], [58, 65], [98, 105]]"
A3E,A,11.879832067457368,-66.55284039107309,19.908614089593087,0.6772510105742116,2.9383387314994045,1.3452905440840452,0.0,0.0,0.0,/work/lpdi/databases/master_pdb/io/2io1_B.pdb.gz,2io1,B,3.8557,"[[3, 10], [12, 19], [21, 37], [42, 49], [66, 73]]"
A4E,A,31.921486464944426,-45.47553146783481,27.423047164811173,1.0138229066802054,4.570805999439581,4.559306545057762,0.0,0.0,0.0,/work/lpdi/databases/master_pdb/io/2io1_B.pdb.gz,2io1,B,3.8557,"[[3, 10], [12, 19], [21, 37], [42, 49], [66, 73]]"
B1H,A,-0.3816579610931052,-37.08996833289464,52.908959726031924,9.719967989090623,1.9965628453369453,0.2456775826565896,0.0,0.0,0.0,/work/lpdi/databases/master_pdb/io/2io1_B.pdb.gz,2io1,B,3.8557,"[[3, 10], [12, 19], [21, 37], [42, 49], [66, 73]]"
A1E,A,-40.359323850586534,-32.995981642997215,32.209744784697605,1.2351537371749908,6.171849576958344,4.643193348256926,0.0,0.0,0.0,/work/lpdi/databases/master_pdb/io/2io1_B.pdb.gz,2io1,B,3.8557,"[[3, 10], [12, 19], [21, 37], [42, 49], [66, 73]]"
A2E,A,-15.880227106720707,-71.47783882192634,9.291200436091632,1.5703754235229024,1.3377013891767076,1.2628108480530145,0.0,0.0,0.0,/work/lpdi/databases/master_pdb/io/2io1_B.pdb.gz,2io1,B,3.8557,"[[3, 10], [12, 19], [21, 37], [42, 49], [66, 73]]"
A3E,A,13.485877452372069,71.85764735890744,-11.91564253326405,0.03742661856814868,1.0876571775309605,1.9642565935820409,0.0,0.0,0.0,/work/lpdi/databases/master_pdb/r2/2r2o_A.pdb.gz,2r2o,A,4.4654,"[[4, 11], [12, 19], [20, 36], [51, 58], [91, 98]]"
A4E,A,48.451716803056485,40.468891981577116,-7.875926016641046,0.7972290077300673,2.6106184769906644,4.9638781301606265,0.0,0.0,0.0,/work/lpdi/databases/master_pdb/r2/2r2o_A.pdb.gz,2r2o,A,4.4654,"[[4, 11], [12, 19], [20, 36], [51, 58], [91, 98]]"
B1H,A,22.967202779371604,27.638874265885285,-52.68964963943129,9.680473155265057,1.8095327581338332,1.6546972034864975,0.0,0.0,0.0,/work/lpdi/databases/master_pdb/r2/2r2o_A.pdb.gz,2r2o,A,4.4654,"[[4, 11], [12, 19], [20, 36], [51, 58], [91, 98]]"
A1E,A,-43.580690716806174,35.119858145242645,-26.111238717138296,0.9772527065448802,3.9369897695225764,5.127148378053298,0.0,0.0,0.0,/work/lpdi/databases/master_pdb/r2/2r2o_A.pdb.gz,2r2o,A,4.4654,"[[4, 11], [12, 19], [20, 36], [51, 58], [91, 98]]"
A2E,A,-10.81604999874742,73.81705971609495,-11.885895471248324,0.14573114249864008,0.24007410185852976,1.802153500554972,0.0,0.0,0.0,/work/lpdi/databases/master_pdb/r2/2r2o_A.pdb.gz,2r2o,A,4.4654,"[[4, 11], [12, 19], [20, 36], [51, 58], [91, 98]]"
A3E,A,-14.821693443452446,-68.93172827755569,-14.627441140569672,0.533768040110946,1.872754395654113,1.5517239554312399,0.0,0.0,0.0,/work/lpdi/databases/master_pdb/vj/1vjk_A.pdb.gz,1vjk,A,3.9243,"[[2, 9], [18, 25], [26, 42], [59, 66], [77, 84]]"
A4E,A,-31.926902128750573,-46.61435779520104,-25.999051938221807,0.7702193103974215,3.1405884747976094,5.819473514174446,0.0,0.0,0.0,/work/lpdi/databases/master_pdb/vj/1vjk_A.pdb.gz,1vjk,A,3.9243,"[[2, 9], [18, 25], [26, 42], [59, 66], [77, 84]]"
B1H,A,3.3810874654102867,-40.24883481217228,-49.54861832994026,9.923206162162836,2.8189335684456154,0.07232825205483519,0.0,0.0,0.0,/work/lpdi/databases/master_pdb/vj/1vjk_A.pdb.gz,1vjk,A,3.9243,"[[2, 9], [18, 25], [26, 42], [59, 66], [77, 84]]"
A1E,A,36.28649268955529,-44.99501598952016,-22.77336279924485,0.9694977836830396,5.95010766344373,5.01958999146858,0.0,0.0,0.0,/work/lpdi/databases/master_pdb/vj/1vjk_A.pdb.gz,1vjk,A,3.9243,"[[2, 9], [18, 25], [26, 42], [59, 66], [77, 84]]"
A2E,A,6.4126728884602135,-76.33732576824606,-12.012853337444014,1.2060746555153978,0.9350393869784444,2.352560020550205,0.0,0.0,0.0,/work/lpdi/databases/master_pdb/vj/1vjk_A.pdb.gz,1vjk,A,3.9243,"[[2, 9], [18, 25], [26, 42], [59, 66], [77, 84]]"
A3E,A,5.9652345171439585,-80.46017911909782,-7.416106590534498,0.4037408369352785,0.3413220779582802,2.2192366881363843,0.0,0.0,0.0,/work/lpdi/databases/master_pdb/cz/1czp_A.pdb.gz,1czp,A,4.1439,"[[3, 10], [13, 20], [22, 38], [50, 57], [85, 92]]"
A4E,A,23.420293099185592,-66.55869689904266,-0.943219935063722,0.3805856914600719,0.7628626295384062,6.259096969562379,0.0,0.0,0.0,/work/lpdi/databases/master_pdb/cz/1czp_A.pdb.gz,1czp,A,4.1439,"[[3, 10], [13, 20], [22, 38], [50, 57], [85, 92]]"
B1H,A,0.014520410329842469,-66.24620748609327,23.75553431550668,9.947838270932372,1.877908943524489,4.20148543292091,0.0,0.0,0.0,/work/lpdi/databases/master_pdb/cz/1czp_A.pdb.gz,1czp,A,4.1439,"[[3, 10], [13, 20], [22, 38], [50, 57], [85, 92]]"
A1E,A,-41.192424032879366,-48.71943540925869,-2.2327961067494124,0.10263195272812023,0.4653909481267816,6.42640875065535,0.0,0.0,0.0,/work/lpdi/databases/master_pdb/cz/1czp_A.pdb.gz,1czp,A,4.1439,"[[3, 10], [13, 20], [22, 38], [50, 57], [85, 92]]"
A2E,A,-17.031915639259562,-72.79949517698674,-2.3278376961990404,0.1257185361322728,0.6383554984420168,2.051327748810412,0.0,0.0,0.0,/work/lpdi/databases/master_pdb/cz/1czp_A.pdb.gz,1czp,A,4.1439,"[[3, 10], [13, 20], [22, 38], [50, 57], [85, 92]]"
A3E,A,24.86677826902102,63.547436226535844,-8.450498039174795,0.11797405035015593,1.4672989564114245,2.0835654992826,0.0,0.0,0.0,/work/lpdi/databases/master_pdb/lf/1lfd_A.pdb.gz,1lfd,A,4.4073,"[[4, 11], [16, 23], [24, 40], [49, 56], [78, 85]]"
A4E,A,51.39815501405234,27.08990654323519,-25.243346504922986,1.008610805381761,2.4320137565334785,5.674354530301526,0.0,0.0,0.0,/work/lpdi/databases/master_pdb/lf/1lfd_A.pdb.gz,1lfd,A,4.4073,"[[4, 11], [16, 23], [24, 40], [49, 56], [78, 85]]"
B1H,A,24.46290550482839,34.17339129530936,-45.745170134683676,10.080074661394953,0.8741887782774727,0.5617110387530228,0.0,0.0,0.0,/work/lpdi/databases/master_pdb/lf/1lfd_A.pdb.gz,1lfd,A,4.4073,"[[4, 11], [16, 23], [24, 40], [49, 56], [78, 85]]"
A1E,A,-38.19585845007131,48.18828140060442,-14.431965940811036,0.7862903512800649,4.712308798009016,5.054971473295319,0.0,0.0,0.0,/work/lpdi/databases/master_pdb/lf/1lfd_A.pdb.gz,1lfd,A,4.4073,"[[4, 11], [16, 23], [24, 40], [49, 56], [78, 85]]"
A2E,A,-14.239818324268944,66.6853319791731,-18.062770749869877,1.9121797115584849,0.8119575399942152,2.70218011811353,0.0,0.0,0.0,/work/lpdi/databases/master_pdb/lf/1lfd_A.pdb.gz,1lfd,A,4.4073,"[[4, 11], [16, 23], [24, 40], [49, 56], [78, 85]]"
A3E,A,-10.005381764936462,59.57856013338368,28.40032005401331,0.4804343566025202,1.4430585391991952,1.487584725092678,0.0,0.0,0.0,/work/lpdi/databases/master_pdb/ic/4icu_A.pdb.gz,4icu,A,4.0748,"[[3, 10], [15, 22], [23, 39], [45, 52], [76, 83]]"
A4E,A,-25.205562674889755,27.190493775460833,51.34607877990901,3.4218108962985134,3.3529418203288937,3.4766693970285587,0.0,0.0,0.0,/work/lpdi/databases/master_pdb/ic/4icu_A.pdb.gz,4icu,A,4.0748,"[[3, 10], [15, 22], [23, 39], [45, 52], [76, 83]]"
B1H,A,26.124716131248693,37.16215095820186,41.6238641312907,8.496865346563142,1.9855161099654064,6.817481565481149,0.0,0.0,0.0,/work/lpdi/databases/master_pdb/ic/4icu_A.pdb.gz,4icu,A,4.0748,"[[3, 10], [15, 22], [23, 39], [45, 52], [76, 83]]"
A1E,A,40.28882432114342,48.591508022300815,-7.9962789081818295,2.0069664196964507,5.429554955763138,4.030431203012398,0.0,0.0,0.0,/work/lpdi/databases/master_pdb/ic/4icu_A.pdb.gz,4icu,A,4.0748,"[[3, 10], [15, 22], [23, 39], [45, 52], [76, 83]]"
A2E,A,11.54520203110786,76.54656170313227,6.814584027242381,1.8943754539653448,0.6317140478046467,0.9328630013972344,0.0,0.0,0.0,/work/lpdi/databases/master_pdb/ic/4icu_A.pdb.gz,4icu,A,4.0748,"[[3, 10], [15, 22], [23, 39], [45, 52], [76, 83]]"
A3E,A,7.3477409703128265,-70.14448583301939,18.33530778567492,0.6249434115342184,2.4646041137950765,1.5158623995815994,0.0,0.0,0.0,/work/lpdi/databases/master_pdb/l4/1l4d_B.pdb.gz,1l4d,B,3.9181,"[[3, 10], [22, 29], [36, 52], [69, 76], [99, 106]]"
A4E,A,20.50272059540281,-52.83945280992741,29.477135503007602,1.0424185360301106,3.962965572197787,5.713841693873834,0.0,0.0,0.0,/work/lpdi/databases/master_pdb/l4/1l4d_B.pdb.gz,1l4d,B,3.9181,"[[3, 10], [22, 29], [36, 52], [69, 76], [99, 106]]"
B1H,A,9.655747347264526,-29.666290690743324,58.49071463202985,9.570984852437196,0.7249249519006765,2.654356774315102,0.0,0.0,0.0,/work/lpdi/databases/master_pdb/l4/1l4d_B.pdb.gz,1l4d,B,3.9181,"[[3, 10], [22, 29], [36, 52], [69, 76], [99, 106]]"
A1E,A,-19.031901225365452,-66.22066788978985,13.719284218871694,0.3846117525566369,4.795922757065067,5.763940572943227,0.0,0.0,0.0,/work/lpdi/databases/master_pdb/l4/1l4d_B.pdb.gz,1l4d,B,3.9181,"[[3, 10], [22, 29], [36, 52], [69, 76], [99, 106]]"
A2E,A,-13.033360845500571,-68.9052779762189,16.288382439194393,0.8015950637434713,1.6296308450165042,1.4603445698992092,0.0,0.0,0.0,/work/lpdi/databases/master_pdb/l4/1l4d_B.pdb.gz,1l4d,B,3.9181,"[[3, 10], [22, 29], [36, 52], [69, 76], [99, 106]]"
A3E,A,10.524892757377662,-66.07012640922693,21.220890733974787,0.16418698974716364,1.937574180264472,1.8384267767902895,0.0,0.0,0.0,/work/lpdi/databases/master_pdb/o2/2o2v_B.pdb.gz,2o2v,B,3.8943,"[[4, 11], [12, 19], [20, 36], [39, 46], [74, 81]]"
A4E,A,31.737021421652926,-48.988514574056175,23.098348472050763,0.9646150381638634,3.1810613692280785,5.047701102222838,0.0,0.0,0.0,/work/lpdi/databases/master_pdb/o2/2o2v_B.pdb.gz,2o2v,B,3.8943,"[[4, 11], [12, 19], [20, 36], [39, 46], [74, 81]]"
B1H,A,-2.7885112347096745,-52.38381083212488,37.45672670124186,10.0920247744101,3.0932271931135658,2.4010512769828853,0.0,0.0,0.0,/work/lpdi/databases/master_pdb/o2/2o2v_B.pdb.gz,2o2v,B,3.8943,"[[4, 11], [12, 19], [20, 36], [39, 46], [74, 81]]"
A1E,A,-60.610646686425675,-25.999392209670887,12.714178358181622,0.22275204975697985,3.529439893053841,4.974501468487374,0.0,0.0,0.0,/work/lpdi/databases/master_pdb/o2/2o2v_B.pdb.gz,2o2v,B,3.8943,"[[4, 11], [12, 19], [20, 36], [39, 46], [74, 81]]"
A2E,A,-18.329446946315123,-71.49600945827353,2.393651491993715,1.024193676317251,1.590734523697106,1.89454489536733,0.0,0.0,0.0,/work/lpdi/databases/master_pdb/o2/2o2v_B.pdb.gz,2o2v,B,3.8943,"[[4, 11], [12, 19], [20, 36], [39, 46], [74, 81]]"
A3E,A,12.273322585097814,20.403042445067648,65.90129811135635,1.7607692926816816,1.1823350335125808,2.8442780559826564,0.0,0.0,0.0,/work/lpdi/databases/master_pdb/oe/1oey_J.pdb.gz,1oey,J,4.418,"[[4, 11], [17, 24], [28, 44], [49, 56], [87, 94]]"
A4E,A,42.96414871367364,11.183823685419073,44.87990547744974,1.2131299946263372,3.3043334226642136,6.7476724783172415,0.0,0.0,0.0,/work/lpdi/databases/master_pdb/oe/1oey_J.pdb.gz,1oey,J,4.418,"[[4, 11], [17, 24], [28, 44], [49, 56], [87, 94]]"
B1H,A,13.06922798370158,70.07354390444658,14.771722050131428,8.993156781231212,2.1007858587613093,2.979777579350526,0.0,0.0,0.0,/work/lpdi/databases/master_pdb/oe/1oey_J.pdb.gz,1oey,J,4.418,"[[4, 11], [17, 24], [28, 44], [49, 56], [87, 94]]"
A1E,A,-24.922392756483593,65.05979978108778,0.9353129486270816,2.33782009184289,3.5710165915186383,6.969743681809042,0.0,0.0,0.0,/work/lpdi/databases/master_pdb/oe/1oey_J.pdb.gz,1oey,J,4.418,"[[4, 11], [17, 24], [28, 44], [49, 56], [87, 94]]"
A2E,A,-6.611577897263434,47.35206640745688,41.88516452925333,0.6358238374880286,0.916498306083518,2.6226741220202108,0.0,0.0,0.0,/work/lpdi/databases/master_pdb/oe/1oey_J.pdb.gz,1oey,J,4.418,"[[4, 11], [17, 24], [28, 44], [49, 56], [87, 94]]"
A3E,A,21.977376086277904,65.82787891467129,9.57386616896851,1.1568004436501842,1.478844933677184,1.6487823427184336,0.0,0.0,0.0,/work/lpdi/databases/master_pdb/lx/1lxd_A.pdb.gz,1lxd,A,4.6238,"[[4, 11], [16, 23], [24, 40], [49, 56], [78, 85]]"
A4E,A,49.86360178547586,30.158762100360395,23.823564233229646,3.143445692985683,2.572751421107815,4.157761572770689,0.0,0.0,0.0,/work/lpdi/databases/master_pdb/lx/1lxd_A.pdb.gz,1lxd,A,4.6238,"[[4, 11], [16, 23], [24, 40], [49, 56], [78, 85]]"
B1H,A,54.21114431172907,32.35996166030055,-13.635717871127191,6.015951043226828,0.19387102351587351,7.971711941617238,0.0,0.0,0.0,/work/lpdi/databases/master_pdb/lx/1lxd_A.pdb.gz,1lxd,A,4.6238,"[[4, 11], [16, 23], [24, 40], [49, 56], [78, 85]]"
A1E,A,-14.214482685869925,43.996236318382046,-42.54297464175611,3.9234504911607138,4.678500970208941,2.536808483240462,0.0,0.0,0.0,/work/lpdi/databases/master_pdb/lx/1lxd_A.pdb.gz,1lxd,A,4.6238,"[[4, 11], [16, 23], [24, 40], [49, 56], [78, 85]]"
A2E,A,0.1050704315333353,64.67404259504289,-25.324714117969524,0.3753438281136077,0.6268633949402161,3.2698923342232966,0.0,0.0,0.0,/work/lpdi/databases/master_pdb/lx/1lxd_A.pdb.gz,1lxd,A,4.6238,"[[4, 11], [16, 23], [24, 40], [49, 56], [78, 85]]"
A3E,A,11.755728048150491,72.65287003196455,-12.587653088228517,0.01763702385459499,1.8463921887711947,2.6856621191013663,0.0,0.0,0.0,/work/lpdi/databases/master_pdb/it/4itk_A.pdb.gz,4itk,A,3.9572,"[[2, 9], [10, 17], [18, 34], [46, 53], [82, 89]]"
A4E,A,23.096236824916566,60.47226921067174,-17.379557020859586,0.8499698506190839,1.2834000677486932,6.858414213388887,0.0,0.0,0.0,/work/lpdi/databases/master_pdb/it/4itk_A.pdb.gz,4itk,A,3.9572,"[[2, 9], [10, 17], [18, 34], [46, 53], [82, 89]]"
B1H,A,7.796083639998724,54.15495347167665,-34.730789309548896,9.859678787442936,3.063025465767678,1.7990038695277095,0.0,0.0,0.0,/work/lpdi/databases/master_pdb/it/4itk_A.pdb.gz,4itk,A,3.9572,"[[2, 9], [10, 17], [18, 34], [46, 53], [82, 89]]"
A1E,A,-42.829213958151065,47.14688239302472,-0.7207870349315783,0.2901050801764267,2.2967750283181534,5.8778361070249865,0.0,0.0,0.0,/work/lpdi/databases/master_pdb/it/4itk_A.pdb.gz,4itk,A,3.9572,"[[2, 9], [10, 17], [18, 34], [46, 53], [82, 89]]"
A2E,A,-4.9310187609881435,79.91958005727247,-8.759198373365166,0.5266703084179087,0.0005499541858401747,1.9551178147432535,0.0,0.0,0.0,/work/lpdi/databases/master_pdb/it/4itk_A.pdb.gz,4itk,A,3.9572,"[[2, 9], [10, 17], [18, 34], [46, 53], [82, 89]]"
A3E,A,-28.58377553756877,-59.411669343051074,9.951906935023922,0.5394617321386781,0.2473707987639593,2.707709653117809,0.0,0.0,0.0,/work/lpdi/databases/master_pdb/c5/2c5l_C.pdb.gz,2c5l,C,4.4567,"[[5, 12], [14, 21], [23, 39], [53, 60], [86, 93]]"
A4E,A,-47.1245903270104,-42.417328708494786,5.045781425865884,0.3459211649794999,0.4243711770556637,7.198018680941307,0.0,0.0,0.0,/work/lpdi/databases/master_pdb/c5/2c5l_C.pdb.gz,2c5l,C,4.4567,"[[5, 12], [14, 21], [23, 39], [53, 60], [86, 93]]"
B1H,A,-31.167714591170142,-46.253144998372676,-27.27767933446609,9.607821135997106,1.2400790071812444,2.9340062539813263,0.0,0.0,0.0,/work/lpdi/databases/master_pdb/c5/2c5l_C.pdb.gz,2c5l,C,4.4567,"[[5, 12], [14, 21], [23, 39], [53, 60], [86, 93]]"
A1E,A,30.559647549223737,-57.57753107975579,-9.824109102842328,2.027180490095183,0.971392905413765,6.747685879462716,0.0,0.0,0.0,/work/lpdi/databases/master_pdb/c5/2c5l_C.pdb.gz,2c5l,C,4.4567,"[[5, 12], [14, 21], [23, 39], [53, 60], [86, 93]]"
A2E,A,14.886520492388167,-75.05080050468497,1.486282030634028,1.0928567719422224,1.1908813121192006,4.058023646351357,0.0,0.0,0.0,/work/lpdi/databases/master_pdb/c5/2c5l_C.pdb.gz,2c5l,C,4.4567,"[[5, 12], [14, 21], [23, 39], [53, 60], [86, 93]]"
A3E,A,-24.3536373643036,65.64375513257066,0.4486592639915508,0.7218637563722343,1.2928036352832857,2.4466843318332416,0.0,0.0,0.0,/work/lpdi/databases/master_pdb/kh/3kh0_A.pdb.gz,3kh0,A,4.4525,"[[14, 21], [26, 33], [34, 50], [59, 66], [88, 95]]"
A4E,A,-52.22211976354179,37.77066050368981,0.7192655997410706,0.7030278331299893,1.5235932095307645,5.360795740575072,0.0,0.0,0.0,/work/lpdi/databases/master_pdb/kh/3kh0_A.pdb.gz,3kh0,A,4.4525,"[[14, 21], [26, 33], [34, 50], [59, 66], [88, 95]]"
B1H,A,-33.966092863756984,39.25881516367381,32.42090733179615,9.100863007922143,0.039551797989968135,3.9526618646285314,0.0,0.0,0.0,/work/lpdi/databases/master_pdb/kh/3kh0_A.pdb.gz,3kh0,A,4.4525,"[[14, 21], [26, 33], [34, 50], [59, 66], [88, 95]]"
A1E,A,35.87394140251293,44.648988624839475,23.78614937817561,2.5758443823821784,3.8657615256481916,4.68315179485353,0.0,0.0,0.0,/work/lpdi/databases/master_pdb/kh/3kh0_A.pdb.gz,3kh0,A,4.4525,"[[14, 21], [26, 33], [34, 50], [59, 66], [88, 95]]"
A2E,A,13.003595827096223,68.64669813075767,16.632489485790533,1.1509527928799546,1.049364680834141,3.1237456228689178,0.0,0.0,0.0,/work/lpdi/databases/master_pdb/kh/3kh0_A.pdb.gz,3kh0,A,4.4525,"[[14, 21], [26, 33], [34, 50], [59, 66], [88, 95]]"
A3E,A,-10.948501643812197,66.43158990396859,20.594688498459988,0.159214370345039,1.9824023783367772,1.7025555817249365,0.0,0.0,0.0,/work/lpdi/databases/master_pdb/c6/2c60_A.pdb.gz,2c60,A,4.0185,"[[8, 15], [16, 23], [24, 40], [43, 50], [78, 85]]"
A4E,A,-33.54356775083207,48.13260979548325,21.971779092398524,0.8808800096591007,3.270815770753872,4.713557563440488,0.0,0.0,0.0,/work/lpdi/databases/master_pdb/c6/2c60_A.pdb.gz,2c60,A,4.0185,"[[8, 15], [16, 23], [24, 40], [43, 50], [78, 85]]"
B1H,A,4.025056182387175,50.84711817136777,38.86106389900785,10.226615708485964,3.0084158199675417,2.719046345965757,0.0,0.0,0.0,/work/lpdi/databases/master_pdb/c6/2c60_A.pdb.gz,2c60,A,4.0185,"[[8, 15], [16, 23], [24, 40], [43, 50], [78, 85]]"
A1E,A,60.34668265310732,25.69390234688486,13.794932960501999,0.3034281555444598,3.774308603000616,4.64888541205384,0.0,0.0,0.0,/work/lpdi/databases/master_pdb/c6/2c60_A.pdb.gz,2c60,A,4.0185,"[[8, 15], [16, 23], [24, 40], [43, 50], [78, 85]]"
A2E,A,18.53883824221269,71.18495774921578,3.1083793579295027,1.0245079541591031,1.4781007444318488,1.7709413905686795,0.0,0.0,0.0,/work/lpdi/databases/master_pdb/c6/2c60_A.pdb.gz,2c60,A,4.0185,"[[8, 15], [16, 23], [24, 40], [43, 50], [78, 85]]"
A3E,A,3.5746316307653014,53.24494689173602,36.52207102076488,0.09088195218184088,0.7952278045172327,2.422490798373604,0.0,0.0,0.0,/work/lpdi/databases/master_pdb/ik/4ikg_A.pdb.gz,4ikg,A,4.7243,"[[4, 11], [12, 19], [22, 38], [39, 46], [65, 72]]"
A4E,A,13.643280933203714,66.77609791709247,18.420953467997013,2.748871526058404,2.7714863749099465,4.80495526260754,0.0,0.0,0.0,/work/lpdi/databases/master_pdb/ik/4ikg_A.pdb.gz,4ikg,A,4.7243,"[[4, 11], [12, 19], [22, 38], [39, 46], [65, 72]]"
B1H,A,-26.89693822934192,60.199698030992096,11.872280309091671,7.272339707094407,4.917203281846525,2.8027881484579553,0.0,0.0,0.0,/work/lpdi/databases/master_pdb/ik/4ikg_A.pdb.gz,4ikg,A,4.7243,"[[4, 11], [12, 19], [22, 38], [39, 46], [65, 72]]"
A1E,A,-53.601880039333714,-10.662855292033646,34.31771179088709,1.5217560439732971,3.131798059407014,5.596669406813465,0.0,0.0,0.0,/work/lpdi/databases/master_pdb/ik/4ikg_A.pdb.gz,4ikg,A,4.7243,"[[4, 11], [12, 19], [22, 38], [39, 46], [65, 72]]"
A2E,A,-24.087248271396497,5.922441012474224,65.10224536920761,1.8240084768635625,1.1277624148094891,2.8319762710475462,0.0,0.0,0.0,/work/lpdi/databases/master_pdb/ik/4ikg_A.pdb.gz,4ikg,A,4.7243,"[[4, 11], [12, 19], [22, 38], [39, 46], [65, 72]]"
A3E,A,8.030090849340581,69.53219932924748,-18.697541114146766,0.4695036393815787,1.6104402770897976,1.6439829023756234,0.0,0.0,0.0,/work/lpdi/databases/master_pdb/t0/1t0q_C.pdb.gz,1t0q,C,4.6503,"[[2, 9], [12, 19], [20, 36], [49, 56], [73, 80]]"
A4E,A,37.488776109695614,42.86629225245677,-24.104632963040014,0.32089857157639723,2.5969160523313253,5.559870355650038,0.0,0.0,0.0,/work/lpdi/databases/master_pdb/t0/1t0q_C.pdb.gz,1t0q,C,4.6503,"[[2, 9], [12, 19], [20, 36], [49, 56], [73, 80]]"
B1H,A,16.993458672182783,27.449104206181392,-56.92181808595739,9.28977716365511,1.5915276257047477,1.0451881649744683,0.0,0.0,0.0,/work/lpdi/databases/master_pdb/t0/1t0q_C.pdb.gz,1t0q,C,4.6503,"[[2, 9], [12, 19], [20, 36], [49, 56], [73, 80]]"
A1E,A,-62.060751311405724,14.489945530317545,-23.336597201334186,0.5160521458591594,4.663471187678264,5.205056278968349,0.0,0.0,0.0,/work/lpdi/databases/master_pdb/t0/1t0q_C.pdb.gz,1t0q,C,4.6503,"[[2, 9], [12, 19], [20, 36], [49, 56], [73, 80]]"
A2E,A,-18.858684209995893,66.92653314010448,-12.80851413875598,0.6657776411006058,0.4551189301511992,1.9980992531704624,0.0,0.0,0.0,/work/lpdi/databases/master_pdb/t0/1t0q_C.pdb.gz,1t0q,C,4.6503,"[[2, 9], [12, 19], [20, 36], [49, 56], [73, 80]]"
A3E,A,16.460512168514786,-72.26739002460398,6.413366505189849,0.2938725719054378,0.5613052201598979,2.399782980101962,0.0,0.0,0.0,/work/lpdi/databases/master_pdb/wm/1wmh_A.pdb.gz,1wmh,A,3.7675,"[[2, 9], [10, 17], [18, 34], [42, 49], [75, 82]]"
A4E,A,39.54951386056732,-50.16066345227857,4.046328417022086,0.09687312641686854,1.0392693640255335,5.912005514921629,0.0,0.0,0.0,/work/lpdi/databases/master_pdb/wm/1wmh_A.pdb.gz,1wmh,A,3.7675,"[[2, 9], [10, 17], [18, 34], [42, 49], [75, 82]]"
B1H,A,17.37144914655458,-53.49371260571511,30.96784091989728,11.081958976456828,1.2361997858981837,2.2175963501728844,0.0,0.0,0.0,/work/lpdi/databases/master_pdb/wm/1wmh_A.pdb.gz,1wmh,A,3.7675,"[[2, 9], [10, 17], [18, 34], [42, 49], [75, 82]]"
A1E,A,-36.56021400311937,-45.1551670980671,22.17379848190257,1.100736588607817,2.2539540205910344,6.668721167935159,0.0,0.0,0.0,/work/lpdi/databases/master_pdb/wm/1wmh_A.pdb.gz,1wmh,A,3.7675,"[[2, 9], [10, 17], [18, 34], [42, 49], [75, 82]]"
A2E,A,-14.869587225741384,-75.05915502600611,-1.4217130058494836,0.709990890285511,0.6533794364056033,1.6445516514269165,0.0,0.0,0.0,/work/lpdi/databases/master_pdb/wm/1wmh_A.pdb.gz,1wmh,A,3.7675,"[[2, 9], [10, 17], [18, 34], [42, 49], [75, 82]]"
A3E,A,14.434424414778034,66.25451736545321,-18.43638373468961,0.7858091157727068,2.8954001309340924,1.5041343729932832,0.0,0.0,0.0,/work/lpdi/databases/master_pdb/bk/4bkg_A.pdb.gz,4bkg,A,3.9555,"[[2, 9], [11, 18], [20, 36], [41, 48], [65, 72]]"
A4E,A,34.39508353675145,42.28859333714289,-28.53230712950335,1.119767371306644,4.0963024841280316,4.447891513011049,0.0,0.0,0.0,/work/lpdi/databases/master_pdb/bk/4bkg_A.pdb.gz,4bkg,A,3.9555,"[[2, 9], [11, 18], [20, 36], [41, 48], [65, 72]]"
B1H,A,-4.619209293492103,34.91236916424388,-54.69206508092193,9.871051179344422,1.9835288727581264,0.5876627128897404,0.0,0.0,0.0,/work/lpdi/databases/master_pdb/bk/4bkg_A.pdb.gz,4bkg,A,3.9555,"[[2, 9], [11, 18], [20, 36], [41, 48], [65, 72]]"
A1E,A,-41.89302646663544,32.28284301458226,-31.23153693326463,1.1312606163897971,5.712969312353269,4.782863544711329,0.0,0.0,0.0,/work/lpdi/databases/master_pdb/bk/4bkg_A.pdb.gz,4bkg,A,3.9555,"[[2, 9], [11, 18], [20, 36], [41, 48], [65, 72]]"
A2E,A,-16.251090811507872,72.34210690387744,-6.716940088926785,1.4660828497692462,1.2772992579248703,1.1688097368011374,0.0,0.0,0.0,/work/lpdi/databases/master_pdb/bk/4bkg_A.pdb.gz,4bkg,A,3.9555,"[[2, 9], [11, 18], [20, 36], [41, 48], [65, 72]]"
A3E,A,-10.7342492412344,66.59652987422729,20.53807034807555,0.15235532107940275,3.0647906573488526,1.1284134079049897,0.0,0.0,0.0,/work/lpdi/databases/master_pdb/pk/2pko_A.pdb.gz,2pko,A,4.1142,"[[2, 9], [19, 26], [30, 46], [64, 71], [87, 94]]"
A4E,A,-29.233124124506013,47.89153755267042,27.353642491171374,0.4677686093072432,4.803278466009818,5.3989534540498845,0.0,0.0,0.0,/work/lpdi/databases/master_pdb/pk/2pko_A.pdb.gz,2pko,A,4.1142,"[[2, 9], [19, 26], [30, 46], [64, 71], [87, 94]]"
B1H,A,4.819048140158647,24.964643502900547,64.5109446737733,10.46204661237465,3.989394762110988,0.0598048554297453,0.0,0.0,0.0,/work/lpdi/databases/master_pdb/pk/2pko_A.pdb.gz,2pko,A,4.1142,"[[2, 9], [19, 26], [30, 46], [64, 71], [87, 94]]"
A1E,A,30.62083772127796,50.0520265289799,23.013450431882934,0.4129603484696097,6.304184876011647,4.81357495864661,0.0,0.0,0.0,/work/lpdi/databases/master_pdb/pk/2pko_A.pdb.gz,2pko,A,4.1142,"[[2, 9], [19, 26], [30, 46], [64, 71], [87, 94]]"
A2E,A,11.43934449995635,66.81674219459119,19.88091367855285,0.7291234828464432,1.5673544631178509,1.7103222095868629,0.0,0.0,0.0,/work/lpdi/databases/master_pdb/pk/2pko_A.pdb.gz,2pko,A,4.1142,"[[2, 9], [19, 26], [30, 46], [64, 71], [87, 94]]"
A3E,A,-8.573078686622992,-71.20855186398154,-16.59342799470084,0.5579370689712256,1.3159424013246594,3.175040894167037,0.0,0.0,0.0,/work/lpdi/databases/master_pdb/qq/3qq8_B.pdb.gz,3qq8,B,3.3673,"[[5, 12], [14, 21], [22, 38], [44, 51], [71, 78]]"
A4E,A,-31.22193384980144,-57.72493542635184,-7.375018382885343,1.054721301309744,2.7581558978534106,6.603558553328859,0.0,0.0,0.0,/work/lpdi/databases/master_pdb/qq/3qq8_B.pdb.gz,3qq8,B,3.3673,"[[5, 12], [14, 21], [22, 38], [44, 51], [71, 78]]"
B1H,A,-7.704515436062559,-50.74702013588785,-38.19862722699964,9.91441776386574,3.9778327699777387,4.648433412075133,0.0,0.0,0.0,/work/lpdi/databases/master_pdb/qq/3qq8_B.pdb.gz,3qq8,B,3.3673,"[[5, 12], [14, 21], [22, 38], [44, 51], [71, 78]]"
A1E,A,32.01458165004366,-22.98746858140992,-48.819497559311465,1.2988781036846029,3.4329272573655163,6.300503433075857,0.0,0.0,0.0,/work/lpdi/databases/master_pdb/qq/3qq8_B.pdb.gz,3qq8,B,3.3673,"[[5, 12], [14, 21], [22, 38], [44, 51], [71, 78]]"
A2E,A,9.706962182851287,-71.35030693890039,-15.766306575337053,0.16601948013027198,0.6551745927749937,1.114507950654612,0.0,0.0,0.0,/work/lpdi/databases/master_pdb/qq/3qq8_B.pdb.gz,3qq8,B,3.3673,"[[5, 12], [14, 21], [22, 38], [44, 51], [71, 78]]"
A3E,A,-11.64759942645108,-73.34979537574169,-11.728589538970635,1.204201677700933,0.4546007074374175,2.7312602401308945,0.0,0.0,0.0,/work/lpdi/databases/master_pdb/gu/1gua_B.pdb.gz,1gua,B,3.7939,"[[2, 9], [10, 17], [19, 35], [40, 47], [68, 75]]"
A4E,A,-36.12079917694139,-51.9975270741529,-10.23159865237392,0.4213018308417022,3.3438970196935345,5.533251955144937,0.0,0.0,0.0,/work/lpdi/databases/master_pdb/gu/1gua_B.pdb.gz,1gua,B,3.7939,"[[2, 9], [10, 17], [19, 35], [40, 47], [68, 75]]"
B1H,A,-18.106590033730303,-45.438937903969844,-38.981352874564536,9.646763146448913,1.5703529151401496,3.9925963350494045,0.0,0.0,0.0,/work/lpdi/databases/master_pdb/gu/1gua_B.pdb.gz,1gua,B,3.7939,"[[2, 9], [10, 17], [19, 35], [40, 47], [68, 75]]"
A1E,A,39.246865396374936,-41.18891464769858,-24.04928213225252,1.3848569483650135,3.6205253573453984,5.561587325517749,0.0,0.0,0.0,/work/lpdi/databases/master_pdb/gu/1gua_B.pdb.gz,1gua,B,3.7939,"[[2, 9], [10, 17], [19, 35], [40, 47], [68, 75]]"
A2E,A,10.127432707890561,-76.31199698247406,-9.112589745761355,0.6017078794058839,0.17865542763185407,2.7029248697580837,0.0,0.0,0.0,/work/lpdi/databases/master_pdb/gu/1gua_B.pdb.gz,1gua,B,3.7939,"[[2, 9], [10, 17], [19, 35], [40, 47], [68, 75]]"
A3E,A,8.356489709996655,-81.2491969842829,-2.583987646012317,0.10974297240051062,0.5526402184245722,2.0282041491497957,0.0,0.0,0.0,/work/lpdi/databases/master_pdb/hz/1hz5_A.pdb.gz,1hz5,A,2.0947,"[[14, 21], [23, 30], [37, 53], [54, 61], [64, 71]]"
A4E,A,28.725597219443536,-61.230251725466225,-1.479205063680188,0.09395515744714657,0.346776392815765,6.2217260315645655,0.0,0.0,0.0,/work/lpdi/databases/master_pdb/hz/1hz5_A.pdb.gz,1hz5,A,2.0947,"[[14, 21], [23, 30], [37, 53], [54, 61], [64, 71]]"
B1H,A,1.1414323313754644,-84.43763413879762,5.441606888081544,9.455613487739203,1.3355815534064737,0.11486334642795472,0.0,0.0,0.0,/work/lpdi/databases/master_pdb/hz/1hz5_A.pdb.gz,1hz5,A,2.0947,"[[14, 21], [23, 30], [37, 53], [54, 61], [64, 71]]"
A1E,A,-31.58177665363719,-58.39088668570538,-1.1618552266253517,0.0361381288327194,0.9130181241891194,5.936692298981475,0.0,0.0,0.0,/work/lpdi/databases/master_pdb/hz/1hz5_A.pdb.gz,1hz5,A,2.0947,"[[14, 21], [23, 30], [37, 53], [54, 61], [64, 71]]"
A2E,A,-7.722969474850001,-81.33873538172534,-3.896760025890949,0.02082570190178011,0.012724003332332109,2.313300894629159,0.0,0.0,0.0,/work/lpdi/databases/master_pdb/hz/1hz5_A.pdb.gz,1hz5,A,2.0947,"[[14, 21], [23, 30], [37, 53], [54, 61], [64, 71]]"
A3E,A,6.861188664500519,75.76617410304607,12.411039919737147,0.5251299777173095,1.5125711446485806,4.3867742498105695,0.0,0.0,0.0,/work/lpdi/databases/master_pdb/ii/2iii_A.pdb.gz,2iii,A,2.4176,"[[62, 69], [53, 60], [84, 100], [103, 110], [6, 13]]"
A4E,A,10.305514930972912,76.03024367306247,9.329871671335663,0.38641489443136895,1.728278513058242,9.050428488827565,0.0,0.0,0.0,/work/lpdi/databases/master_pdb/ii/2iii_A.pdb.gz,2iii,A,2.4176,"[[62, 69], [53, 60], [84, 100], [103, 110], [6, 13]]"
B1H,A,-7.169375341244553,81.14203029614723,5.174516322127441,9.525392771141632,2.7731834242394466,1.9815252839490087,0.0,0.0,0.0,/work/lpdi/databases/master_pdb/ii/2iii_A.pdb.gz,2iii,A,2.4176,"[[62, 69], [53, 60], [84, 100], [103, 110], [6, 13]]"
A1E,A,-14.91991142729444,68.80903963890044,14.698491777784625,0.2134478256804096,2.483801246698574,8.837880504851924,0.0,0.0,0.0,/work/lpdi/databases/master_pdb/ii/2iii_A.pdb.gz,2iii,A,2.4176,"[[62, 69], [53, 60], [84, 100], [103, 110], [6, 13]]"
A2E,A,-2.7921838344686742,77.35066196103517,12.327980710834892,0.3534075328118418,0.7577081501543641,4.600693022932262,0.0,0.0,0.0,/work/lpdi/databases/master_pdb/ii/2iii_A.pdb.gz,2iii,A,2.4176,"[[62, 69], [53, 60], [84, 100], [103, 110], [6, 13]]"
A3E,A,-13.245930483171248,73.77512419410891,9.19933716040658,1.0725299864431697,0.31770473828954565,2.8763260474978587,0.0,0.0,0.0,/work/lpdi/databases/master_pdb/ny/3ny5_A.pdb.gz,3ny5,A,3.6109,"[[6, 13], [14, 21], [23, 39], [44, 51], [66, 73]]"
A4E,A,-35.50640246448128,51.15828572293374,13.688618707578328,0.8045945884019177,2.8926277427516096,5.342500991718238,0.0,0.0,0.0,/work/lpdi/databases/master_pdb/ny/3ny5_A.pdb.gz,3ny5,A,3.6109,"[[6, 13], [14, 21], [23, 39], [44, 51], [66, 73]]"
B1H,A,-14.699604202622742,50.44078732045529,35.74146151869289,9.70144721864174,0.4448053248784187,3.390954746516269,0.0,0.0,0.0,/work/lpdi/databases/master_pdb/ny/3ny5_A.pdb.gz,3ny5,A,3.6109,"[[6, 13], [14, 21], [23, 39], [44, 51], [66, 73]]"
A1E,A,37.745375721917476,45.654063080348116,19.72179782545576,1.031623325537578,3.0912739100624234,6.0054720685765135,0.0,0.0,0.0,/work/lpdi/databases/master_pdb/ny/3ny5_A.pdb.gz,3ny5,A,3.6109,"[[6, 13], [14, 21], [23, 39], [44, 51], [66, 73]]"
A2E,A,10.674051029667307,78.69935388396945,3.670500824622621,0.7626962391911145,0.11813531923847825,2.2130639138272614,0.0,0.0,0.0,/work/lpdi/databases/master_pdb/ny/3ny5_A.pdb.gz,3ny5,A,3.6109,"[[6, 13], [14, 21], [23, 39], [44, 51], [66, 73]]"
A3E,A,8.834305907361982,-79.54118997149357,-5.553108110199911,0.7103036268827598,0.6962766230245713,2.162645002330697,0.0,0.0,0.0,/work/lpdi/databases/master_pdb/pg/1pgx_A.pdb.gz,1pgx,A,2.5956,"[[9, 16], [17, 24], [28, 44], [46, 53], [56, 63]]"
A4E,A,15.939608499245537,-73.55673107471237,-3.9308718503877933,0.4834240369075789,1.0315032334511052,6.548944017223878,0.0,0.0,0.0,/work/lpdi/databases/master_pdb/pg/1pgx_A.pdb.gz,1pgx,A,2.5956,"[[9, 16], [17, 24], [28, 44], [46, 53], [56, 63]]"
B1H,A,-2.781829329989564,-72.68481497827091,17.075251705164387,9.167571732891377,2.4911881804286424,0.1904698695586846,0.0,0.0,0.0,/work/lpdi/databases/master_pdb/pg/1pgx_A.pdb.gz,1pgx,A,2.5956,"[[9, 16], [17, 24], [28, 44], [46, 53], [56, 63]]"
A1E,A,-19.660096289389887,-70.33273340235013,0.5501053157960349,0.6881179174484995,1.7560966757567316,6.070496036611441,0.0,0.0,0.0,/work/lpdi/databases/master_pdb/pg/1pgx_A.pdb.gz,1pgx,A,2.5956,"[[9, 16], [17, 24], [28, 44], [46, 53], [56, 63]]"
A2E,A,-4.627581548612189,-77.79951144029519,-11.265525320995033,0.4597879684146029,0.02795005183662071,2.641765315065004,0.0,0.0,0.0,/work/lpdi/databases/master_pdb/pg/1pgx_A.pdb.gz,1pgx,A,2.5956,"[[9, 16], [17, 24], [28, 44], [46, 53], [56, 63]]"
A3E,A,14.702821202484625,-59.353071179583104,26.23566839577692,0.8789387995557101,3.4104423181396317,1.547363580176087,0.0,0.0,0.0,/work/lpdi/databases/master_pdb/lm/1lm8_B.pdb.gz,1lm8,B,4.056,"[[3, 10], [11, 18], [19, 35], [41, 48], [73, 80]]"
A4E,A,29.19823830292845,-41.39880625366252,34.738996759483435,1.6397263086795864,4.440424096086992,4.50236631832088,0.0,0.0,0.0,/work/lpdi/databases/master_pdb/lm/1lm8_B.pdb.gz,1lm8,B,4.056,"[[3, 10], [11, 18], [19, 35], [41, 48], [73, 80]]"
B1H,A,-7.221185521627227,-33.81688209562626,55.208807874203046,9.416778061069623,2.3715951165623843,2.9106701348727886,0.0,0.0,0.0,/work/lpdi/databases/master_pdb/lm/1lm8_B.pdb.gz,1lm8,B,4.056,"[[3, 10], [11, 18], [19, 35], [41, 48], [73, 80]]"
A1E,A,-55.140408514539935,-28.134500301052213,18.84135056376627,0.1365371938536866,4.659758542683292,5.0607276200970235,0.0,0.0,0.0,/work/lpdi/databases/master_pdb/lm/1lm8_B.pdb.gz,1lm8,B,4.056,"[[3, 10], [11, 18], [19, 35], [41, 48], [73, 80]]"
A2E,A,-23.130564970365878,-65.7194930028909,6.975315623522903,0.6230388052953538,3.1902163117025024,0.9898610151602067,0.0,0.0,0.0,/work/lpdi/databases/master_pdb/lm/1lm8_B.pdb.gz,1lm8,B,4.056,"[[3, 10], [11, 18], [19, 35], [41, 48], [73, 80]]"
